[
  {
    "account": "",
    "address": "RBL6B7AW2HP37Sr8gYkV16wKyTmpdLQSA8",
    "category": "generate",
    "amount": 30.00000000,
    "vout": 0,
    "rawconfirmations": 2172,
    "generated": true,
    "confirmations": 2172,
    "blockhash": "0db07232f5d01f231e6ef20c1fb0e950db5f2da1dfb219c128a920339130901f",
    "blockindex": 0,
    "blocktime": 1625713093,
    "expiryheight": 0,
    "txid": "9f62103d2324a092adc5bb3351db93a035f2621660c7b7c8d4a38cd26913e34d",
    "walletconflicts": [
    ],
    "time": 1625841679,
    "timereceived": 1625841782,
    "vjoinsplit": [
    ],
    "size": 120
  },
  {
    "account": "",
    "address": "RBL6B7AW2HP37Sr8gYkV16wKyTmpdLQSA8",
    "category": "generate",
    "amount": 30.00030000,
    "vout": 0,
    "rawconfirmations": 1456,
    "generated": true,
    "confirmations": 1456,
    "blockhash": "093b7fb3dd80f9a38f7746eeb07a704ea5da03bf370f87609f8fd0fa474361f9",
    "blockindex": 0,
    "blocktime": 1625756931,
    "expiryheight": 0,
    "txid": "87396a9f12ffb17aff2b385517240ca0302b9b2a9ebd3980bd2a6d594c1f4ee3",
    "walletconflicts": [
    ],
    "time": 1625841679,
    "timereceived": 1625841794,
    "vjoinsplit": [
    ],
    "size": 120
  },
  {
    "account": "",
    "address": "RBL6B7AW2HP37Sr8gYkV16wKyTmpdLQSA8",
    "category": "generate",
    "amount": 30.00010000,
    "vout": 0,
    "rawconfirmations": 1396,
    "generated": true,
    "confirmations": 1396,
    "blockhash": "06c2e6d0f9e8a3310805b1f0cc05a792c39cd66474280b5bea38b2974cf3e08c",
    "blockindex": 0,
    "blocktime": 1625759835,
    "expiryheight": 0,
    "txid": "f4cf3c6077e07c598d9a66a5027701168f5fc78ba892de2203cb02c61cab2d76",
    "walletconflicts": [
    ],
    "time": 1625841679,
    "timereceived": 1625841795,
    "vjoinsplit": [
    ],
    "size": 120
  },
  {
    "account": "",
    "address": "RBL6B7AW2HP37Sr8gYkV16wKyTmpdLQSA8",
    "category": "generate",
    "amount": 30.00100000,
    "vout": 0,
    "rawconfirmations": 1330,
    "generated": true,
    "confirmations": 1330,
    "blockhash": "06e7e3898a0f2f0dcf43f87a7434f5fab47507838ee186310584a89acac820fc",
    "blockindex": 0,
    "blocktime": 1625764154,
    "expiryheight": 0,
    "txid": "1a890e363da68e419230feec2f09111b7e006fdf763809a0ea271b7e7d257bac",
    "walletconflicts": [
    ],
    "time": 1625841679,
    "timereceived": 1625841798,
    "vjoinsplit": [
    ],
    "size": 120
  },
  {
    "account": "",
    "address": "RBL6B7AW2HP37Sr8gYkV16wKyTmpdLQSA8",
    "category": "generate",
    "amount": 30.00010000,
    "vout": 0,
    "rawconfirmations": 1246,
    "generated": true,
    "confirmations": 1246,
    "blockhash": "0841dea6cd0765f6199575b72cf0a5337ab3ef4bde02c742a997baf9c59de0c0",
    "blockindex": 0,
    "blocktime": 1625768813,
    "expiryheight": 0,
    "txid": "6bd91917a1e72eb23aca7945b57925ae7295ad1e2d7d07b32adf2679a07b046e",
    "walletconflicts": [
    ],
    "time": 1625841679,
    "timereceived": 1625841799,
    "vjoinsplit": [
    ],
    "size": 120
  },
  {
    "account": "",
    "address": "RBL6B7AW2HP37Sr8gYkV16wKyTmpdLQSA8",
    "category": "generate",
    "amount": 30.00000000,
    "vout": 0,
    "rawconfirmations": 928,
    "generated": true,
    "confirmations": 928,
    "blockhash": "0b38150f4945ed9d2b273599bc93b43de4f4e5cb198d5fe7fbb1076b21075f4c",
    "blockindex": 0,
    "blocktime": 1625789032,
    "expiryheight": 0,
    "txid": "7801a89baf74dd807983ea4a9f23a76fcef6d53505bcc96d06a9f8ac613e2a94",
    "walletconflicts": [
    ],
    "time": 1625841679,
    "timereceived": 1625841802,
    "vjoinsplit": [
    ],
    "size": 120
  },
  {
    "account": "",
    "address": "RBL6B7AW2HP37Sr8gYkV16wKyTmpdLQSA8",
    "category": "generate",
    "amount": 30.00000000,
    "vout": 0,
    "rawconfirmations": 668,
    "generated": true,
    "confirmations": 668,
    "blockhash": "061fb58ed90146e534aa8ca4073065b66026001c8e978141ecc5612fc666cf31",
    "blockindex": 0,
    "blocktime": 1625804083,
    "expiryheight": 0,
    "txid": "2724e727ac160c3e1f47c0c01e5ea9b69ee3beb4e360921f5c5c44fb5c9b435a",
    "walletconflicts": [
    ],
    "time": 1625841679,
    "timereceived": 1625841816,
    "vjoinsplit": [
    ],
    "size": 120
  },
  {
    "account": "",
    "address": "RBL6B7AW2HP37Sr8gYkV16wKyTmpdLQSA8",
    "category": "generate",
    "amount": 30.00000000,
    "vout": 0,
    "rawconfirmations": 582,
    "generated": true,
    "confirmations": 582,
    "blockhash": "0a07a2933909fd15c643cc2f92c305cf50c6c0a8763d431943a2aa0db22746e3",
    "blockindex": 0,
    "blocktime": 1625809131,
    "expiryheight": 0,
    "txid": "cfa775af1f8704960966fd269ad68a8a1fc9ef9a2f1e2cb87ef46bae7c8f3ac7",
    "walletconflicts": [
    ],
    "time": 1625841679,
    "timereceived": 1625841816,
    "vjoinsplit": [
    ],
    "size": 120
  },
  {
    "account": "",
    "address": "RBL6B7AW2HP37Sr8gYkV16wKyTmpdLQSA8",
    "category": "generate",
    "amount": 30.00000000,
    "vout": 0,
    "rawconfirmations": 532,
    "generated": true,
    "confirmations": 532,
    "blockhash": "08fa47815d51b8868355fa8a15b16e7894097f124e980dc7f05cb5aed7b5bc5f",
    "blockindex": 0,
    "blocktime": 1625812225,
    "expiryheight": 0,
    "txid": "e3ab33923ad369783c06563da71023426a4ad2c93942de3398302352410b586d",
    "walletconflicts": [
    ],
    "time": 1625841679,
    "timereceived": 1625841817,
    "vjoinsplit": [
    ],
    "size": 120
  },
  {
    "account": "",
    "address": "RBL6B7AW2HP37Sr8gYkV16wKyTmpdLQSA8",
    "category": "generate",
    "amount": 30.00000000,
    "vout": 0,
    "rawconfirmations": 42,
    "generated": true,
    "confirmations": 42,
    "blockhash": "091638e4489087bf1bce4626de937c3ca6ca9a82c2f70a696dc4ad1eaff52eea",
    "blockindex": 0,
    "blocktime": 1625841946,
    "expiryheight": 0,
    "txid": "fa71da536d355003a9b2b106f8142ed57073d606bddb4e8bb8de2fc7424058ae",
    "walletconflicts": [
    ],
    "time": 1625841912,
    "timereceived": 1625841912,
    "vjoinsplit": [
    ],
    "size": 120
  }
]
